category,total_transactions,total_revenue,total_gross_profit,total_net_profit,total_discount_cost,avg_gross_margin_pct,avg_net_margin_pct,avg_discount_pct,total_units_sold
Apparel,58638,4918538.37,2582325.43,1804368.97,777956.46,45.39447183125211,34.950035116526614,13.63774344281865,88230
Electronics,46048,19955050.73,4593328.63,1473543.33,3119785.3000000003,19.90419497790796,4.785333542708889,13.470617616400277,69007
Grocery & Essentials,61821,1278831.49,277535.27,37011.700000000004,240523.57,17.933027161885022,2.9515081990529124,13.044111224341243,104777
Health & Beauty,33322,1492536.96,727470.12,488586.06,238884.06,42.35466675980981,31.234434782151936,13.724416301542524,50062
Home & Kitchen,54879,6262484.16,2704640.7800000003,1728231.7,976409.08,37.6341031422798,25.834042040776573,13.477650831830026,82189
