category,first_half_margin,second_half_margin,margin_change,trend
Health & Beauty,31.164067612722842,31.250004632517616,0.0859370197947733,Stable
Grocery & Essentials,2.9385648848911834,3.0066864516842835,0.06812156679310011,Stable
Home & Kitchen,25.86361886265341,25.813222201757387,-0.05039666089602335,Stable
Apparel,35.0235184039418,34.91357530953851,-0.10994309440329175,Stable
Electronics,7.655675239404677,2.717548746057831,-4.9381264933468465,Losing
